Column0,Column1,Column2,Column3,Column4,Column5,,
Full Name,email,gender,Salary,Department,Hire Date,,
Brad Boxill,bboxill0@globo.com,Male,90000,HR,15 September 2016,,
Emlyn Guerre,eguerre1@admin.ch,Male,75000,Marketing,30 January 2019,,
Hamnet Hovard,hhovard2@mit.edu,Male,80000,Sales,07 November 2017,,
Marijo Ludlom,mludlom3@creativecommons.org,Female,65000,Finance,22 June 2020,,
Abby Hammonds,ahammonds4@sphinn.com,Male,100000,IT,01 February 2021,,
Dill Jickells,djickells5@merriam-webster.com,Male,85000,Operations,10 August 2015,,
Arlin Stonall,,Male,110000,Sales,15 July 2018,,
Nat Yukhnevich,nyukhnevich7@fc2.com,Male,95000,HR,01 September 2019,,
Elizabeth Van der Velde,evandervelde8@webmd.com,Female,70000,IT,20 April 2017,,
,,,,,,,
Joe Patey,jpateya@cnn.com,Male,120000,Marketing,05 March 2016,,
Julie Samwell,jsamwellb@weebly.com,Male,78000,Sales,10 January 2020,,
Whittaker Osban,wosbanc@privacy.gov.au,Male,88000,Finance,01 July 2017,,
Karney Bonnell,kbonnelld@redcross.org,Male,105000,IT,28 February 2018,,
Vallie Grzesiak,vgrzesiake@google.it,Female,92000,Operations,15 October 2019,,
Emmaline Baxstair,ebaxstairf@t.co,Female,72000,Sales,08 August 2016,,
Maurie Aimson,maimsong@icq.com,Male,98000,HR,01 September 2020,,
Christabella Stuttman,cstuttmanh@cornell.edu,Female,67000,IT,12 May 2019,,
Hildegaard Ellerington,helleringtoni@flickr.com,Female,84000,HR,15 January 2018,,
Bennie Moral,bmoralj@virginia.edu,Non-binary,112000,Marketing,30 June 2017,,
,,,,,,,
,,,,,,,
Dare Wentworth,dwentworthm@ft.com,Male,73000,IT,15 September 2018,,
Olia Lumbers,olumbersn@google.fr,Female,115000,Operations,01 April 2019,,
Arman Barnson,abarnsono@geocities.com,Male,87000,Sales,05 January 2021,,
Madelle Vakhonin,mvakhoninp@dropbox.com,Female,45000,HR,15 August 2017,,
Mitch Huntress,mhuntressq@cyberchimps.com,Male,77000,IT,01 May 2016,,
Dorisa Jeffers,djeffersr@webs.com,Polygender,25000,HR,10 March 2018,,
Jamison Meynell,jmeynells@technorati.com,Male,86000,Marketing,01 February 2020,,
Walton Wiltshaw,wwiltshawt@un.org,Male,79000,Sales,15 January 2017,,
Eldridge Ilden,eildenu@parallels.com,Male,71000,Finance,01 July 2019,,
Jedediah Groarty,jgroartyv@google.com.au,Male,111000,IT,15 October 2016,,
Evangelia Ahmad,,Female,74000,Operations,01 May 2018,,
Marnia Coom,mcoomx@free.fr,Female,103000,Sales,01 March 2017,,
Ira Neathway,ineathwayy@nifty.com,Female,60000,HR,15 November 2020,,
Georgie Marmyon,gmarmyonz@economist.com,Male,68000,IT,01 March 2019,,
Stu Philip,sphilip10@spiegel.de,Male,45000,HR,15 June 2016,,
,,,,,,,
Salli Rising,srising12@phpbb.com,Female,69000,Sales,15 March 2021,,
Ashly Edmonson,aedmonson13@mtv.com,Female,99000,Finance,15 September 2017,,
Prudence Girling,pgirling14@t.co,Female,83000,IT,01 April 2016,,
Barri Dome,bdome15@seattletimes.com,Male,79000,Operations,01 June 2019,,
Sergent Baskeyfied,sbaskeyfied16@pagesperso-orange.fr,Male,75000,Sales,01 January 2018,,
Hal Bonevant,hbonevant17@blogs.com,Male,20000,HR,15 June 2017,,
Ginnie Parmiter,gparmiter18@indiegogo.com,Female,76000,IT,15 April 2020,,
Culley Spittal,,Male,15000,HR,01 November 2016,,
Normand Flitcroft,nflitcroft1a@globo.com,Male,72000,Marketing,15 August 2018,,
Lamont Arnoldi,larnoldi1b@friendfeed.com,Male,88000,Sales,01 February 2019,,
Irvine Obey,iobey1c@theguardian.com,Male,104000,Finance,01 April 2021,,
Cindy Rebillard,crebillard1d@paginegialle.it,Female,90000,IT,15 October 2017,,
Merilyn Giacomuzzo,,Bigender,72000,Operations,01 July 2016,,
Maury Budd,mbudd1f@mapquest.com,Male,81000,Sales,15 April 2018,,
Ferguson Berry,fberry1g@posterous.com,Male,9000,HR,01 January 2020,,
Ferguson Olifaunt,folifaunt1h@amazon.de,Male,85000,IT,15 February 2017,,
Aggie Dupoy,adupoy1i@cdbaby.com,Female,10000,HR,01 August 2019,,
Leigh Pallent,lpallent1j@google.co.uk,Non-binary,75000,Marketing,15 November 2016,,
Tybalt Doring,tdoring1k@weather.com,Male,112000,Sales,01 June 2018,,
Junia Campaigne,jcampaigne1l@meetup.com,Female,70000,Finance,15 January 2019,,
Danyette Churchill,dchurchill1m@bloglovin.com,Female,86000,IT,15 December 2020,,
Kyle Corris,kcorris1n@163.com,Female,102000,Operations,01 December 2017,,
Perrine Coyish,pcoyish1o@statcounter.com,Female,68000,Sales,01 August 2016,,
Daryle Gerrard,dgerrard1p@joomla.org,Male,80000,HR,15 February 2018,,
Vance Varfalameev,vvarfalameev1q@marriott.com,Male,106000,IT,01 March 2020,,
Erv Lockitt,elockitt1r@army.mil,Male,92000,HR,15 May 2017,,
Regine Brownrigg,rbrownrigg1s@cafepress.com,Genderqueer,92000,Marketing,01 November 2019,,
Willie Ciccarelli,wciccarelli1t@huffingtonpost.com,Female,73000,Sales,01 September 2016,,
Hewitt Vreiberg,hvreiberg1u@geocities.com,Bigender,97000,Finance,15 May 2018,,
Marlow O'Bradden,mobradden1v@unesco.org,Male,125000,IT,15 June 2019,,
Cindra Buckberry,cbuckberry1w@myspace.com,Female,89000,Operations,15 February 2021,,
Pate Hunnybun,phunnybun1x@java.com,Male,87000,Sales,01 September 2017,,
Bealle Marven,bmarven1y@webeden.co.uk,Male,43000,HR,15 April 2016,,
Hedvige Ishak,hishak1z@lulu.com,Female,32000,IT,15 December 2018,,
Alexandrina Hattam,ahattam20@t.co,Female,85000,HR,01 May 2020,,
Kurt Beauman,kbeauman21@ycombinator.com,Male,86000,Marketing,15 March 2019,,
Cyb Sabattier,csabattier22@omniture.com,Female,102000,Sales,01 June 2016,,
Derrick Ransom,dransom23@about.com,Male,68000,Finance,01 November 2018,,
Sylvan Dubois,sdubois24@patch.com,Male,69000,IT,15 April 2021,,
Tara Pendrich,tpendrich25@parallels.com,Polygender,106000,Operations,15 November 2017,,
Barbara Artus,bartus26@bloomberg.com,Female,90000,Sales,15 May 2016,,
Broddie Dassindale,bdassindale27@timesonline.co.uk,Male,30000,HR,15 July 2019,,
Erie Plaid,eplaid28@google.ca,Male,50000,IT,15 January 2018,,
Tani Di Biasio,tdibiasio29@cafepress.com,Female,87000,HR,15 September 2016,,
Mary Greir,mgreir2a@bravesites.com,Female,80000,Marketing,30 January 2019,,
Anjanette Gately,agately2b@ycombinator.com,Female,89000,Sales,07 November 2017,,
Knox Frick,kfrick2c@loc.gov,Male,87000,Finance,22 June 2020,,
Tracie Morpeth,tmorpeth2d@berkeley.edu,Male,60000,IT,01 February 2021,,
Henrie Flannigan,,Female,90000,Operations,10 August 2015,,
Karla Grogono,kgrogono2f@europa.eu,Female,75000,Sales,15 July 2018,,
Emalia Orrey,eorrey2g@webs.com,Female,36000,HR,01 September 2019,,
Viviene Dmitrievski,vdmitrievski2h@etsy.com,Female,65000,IT,20 April 2017,,
Arabela Fassan,afassan2i@ft.com,Female,250000,HR,12 November 2018,,
Sapphire Dubois,sdubois2j@blogger.com,Female,85000,Marketing,05 March 2016,,
Jeremie Wardlaw,jwardlaw2k@hp.com,Male,110000,Sales,10 January 2020,,
Vassily Ghidotti,vghidotti2l@gov.uk,Male,95000,Finance,01 July 2017,,
Allistir Bosch,,Male,96000,IT,28 February 2018,,
Anatole Blankley,ablankley2n@gnu.org,Male,70000,Operations,15 October 2019,,
Petronille Frickey,pfrickey2o@msu.edu,Female,120000,Sales,08 August 2016,,
Cynthea Sanchis,csanchis2p@google.it,Female,456000,HR,01 September 2020,,
Sonny Valasek,svalasek2q@indiegogo.com,Female,88000,IT,12 May 2019,,
Jefferey Franseco,jfranseco2r@reddit.com,Male,72000,HR,15 January 2018,,
Andrew Kurtis,akurtis2s@comcast.net,Male,92000,Marketing,30 June 2017,,
Dennie Isac,disac2t@earthlink.net,Female,72000,Sales,15 March 2020,,
Horst Simone,hsimone2u@wiley.com,Male,98000,Finance,01 December 2016,,
Horton Curuclis,,Male,67000,IT,15 September 2018,,
Bentlee Thieme,bthieme2w@fotki.com,Male,84000,Operations,01 April 2019,,
Leroy Reimer,lreimer2x@skyrock.com,Male,112000,Sales,05 January 2021,,
Tyrus Alexis,talexis2y@nbcnews.com,Male,40000,HR,15 August 2017,,
Janna Llewelly,jllewelly2z@themeforest.net,Female,68000,IT,01 May 2016,,
Evangelia Ingolotti,eingolotti30@tinyurl.com,Female,73000,HR,10 March 2018,,
Mandel Klehn,mklehn31@163.com,Male,115000,Marketing,01 February 2020,,
Rene Carvil,rcarvil32@discovery.com,Female,87000,Sales,15 January 2017,,
Early Milliere,emilliere33@ow.ly,Male,81000,Finance,01 July 2019,,
Madelene Goldby,mgoldby34@about.com,Female,77000,IT,15 October 2016,,
Shae Pedlar,spedlar35@wordpress.org,Non-binary,107000,Operations,01 May 2018,,
Carleton Dufore,cdufore36@mac.com,Male,86000,Sales,01 March 2017,,
Tiphanie Trood,,Female,79000,HR,15 November 2020,,
Ulises Newcome,unewcome38@wikispaces.com,Male,71000,IT,01 March 2019,,
Hilton Chesley,hchesley39@earthlink.net,Male,111000,HR,15 June 2016,,
Prince Linggood,plinggood3a@deliciousdays.com,Male,74000,Marketing,01 December 2018,,
Winnie Halbord,whalbord3b@altervista.org,Female,103000,Sales,15 March 2021,,
Andy Pinnijar,apinnijar3c@imgur.com,Male,91000,Finance,15 September 2017,,
Daryl Yukhin,dyukhin3d@altervista.org,Female,68000,IT,01 April 2016,,
Kayley Yven,kyven3e@people.com.cn,Female,89000,Operations,01 June 2019,,
Kissie Adamczyk,kadamczyk3f@nationalgeographic.com,Female,,Sales,01 January 2018,,
Wilburt Simonetto,wsimonetto3g@msu.edu,Male,69000,HR,15 June 2017,,
Gertrude Bonwick,gbonwick3h@barnesandnoble.com,Female,99000,IT,15 April 2020,,
Laurella Coldbathe,lcoldbathe3i@pcworld.com,Female,83000,HR,01 November 2016,,
Livy Leemans,lleemans3j@storify.com,Female,79000,Marketing,15 August 2018,,
Donalt Waple,dwaple3k@theglobeandmail.com,Male,75000,Sales,01 February 2019,,
Huntlee MacInnes,hmacinnes3l@unicef.org,Male,111000,Finance,01 April 2021,,
Adler Santora,,Male,76000,IT,15 October 2017,,
Saxon Miettinen,smiettinen3n@rakuten.co.jp,Male,106000,Operations,01 July 2016,,
Kirsteni Coldham,kcoldham3o@bing.com,Female,72000,Sales,15 April 2018,,
Charmion Heindrich,cheindrich3p@huffingtonpost.com,Female,88000,HR,01 January 2020,,
Ari Corsan,acorsan3q@cnn.com,Male,104000,IT,15 February 2017,,
Benedikta Giggs,bgiggs3r@dyndns.org,Female,90000,HR,01 August 2019,,
Hewe Abeles,,Male,72000,Marketing,15 November 2016,,
Jerrine Bernlin,jbernlin3t@msu.edu,Polygender,81000,Sales,01 June 2018,,
Frederick Cawse,fcawse3u@china.com.cn,Male,94000,Finance,15 January 2019,,
Nita Christoffels,nchristoffels3v@cdbaby.com,Female,36000,IT,15 December 2020,,
Bartholomeo Fontenot,bfontenot3w@g.co,Male,79000,Operations,01 December 2017,,
Nessa Frangleton,nfrangleton3x@redcross.org,Female,75000,Sales,01 August 2016,,
Mitchael Hartman,mhartman3y@un.org,Male,112000,HR,15 February 2018,,
Lorianna Howorth,lhoworth3z@infoseek.co.jp,Female,450000,IT,01 March 2020,,
Wally Hamnet,whamnet40@arizona.edu,Male,86000,HR,15 May 2017,,
Shawnee Bambrough,sbambrough41@miibeian.gov.cn,Female,102000,Marketing,01 November 2019,,
Jamima Arndell,jarndell42@yellowbook.com,Female,68000,Sales,01 September 2016,,
Joellen Vallentine,jvallentine43@google.pl,Female,88000,Finance,15 May 2018,,
Gray Snead,,Female,106000,IT,15 June 2019,,
Nerty Shoveller,nshoveller45@google.de,Female,90000,Operations,15 February 2021,,
Maiga Menguy,mmenguy46@umn.edu,Female,92000,Sales,01 September 2017,,
Willem Bizzey,wbizzey47@nhs.uk,Male,73000,HR,15 April 2016,,
Vera Earl,vearl48@paypal.com,Female,97000,IT,15 December 2018,,
Yance Leffek,yleffek49@cam.ac.uk,Male,80000,HR,01 May 2020,,
Hakeem Garton,hgarton4a@twitpic.com,Male,89000,Marketing,15 March 2019,,
Janeva Guerreiro,jguerreiro4b@4shared.com,Female,87000,Sales,01 June 2016,,
Fitz Jenicek,fjenicek4c@biblegateway.com,Male,82000,Finance,01 November 2018,,
Daloris Leppard,dleppard4d@buzzfeed.com,Female,112000,IT,15 April 2021,,
Chaddy Desvignes,cdesvignes4e@msu.edu,Male,70000,Operations,15 November 2017,,
Avril Isacke,aisacke4f@aol.com,Female,86000,Sales,15 May 2016,,
Marcus Churchley,mchurchley4g@stanford.edu,Male,102000,HR,15 July 2019,,
Roi Bosnell,rbosnell4h@buzzfeed.com,Male,68000,IT,15 January 2018,,
Addie Bloxham,abloxham4i@newyorker.com,Male,88000,HR,15 September 2016,,
Morly Camplin,,Male,106000,Marketing,30 January 2019,,
Selena Brunning,sbrunning4k@last.fm,Female,90000,Sales,07 November 2017,,
Mart McKellen,mmckellen4l@over-blog.com,Male,92000,Finance,22 June 2020,,
Shayna Audley,saudley4m@unesco.org,Female,73000,IT,01 February 2021,,
Phillipe Farden,pfarden4n@chronoengine.com,Male,97000,Operations,10 August 2015,,
Vasily Extill,vextill4o@nhs.uk,Male,80000,Sales,15 July 2018,,
Mort Eskell,meskell4p@oracle.com,Male,89000,HR,01 September 2019,,
Allie De Blasi,adeblasi4q@constantcontact.com,Male,87000,IT,20 April 2017,,
Bailie O'Cahsedy,bocahsedy4r@imgur.com,Male,90000,HR,12 November 2018,,
Luca Wellen,lwellen4s@bing.com,Male,75000,Marketing,05 March 2016,,
Marlie Soldan,msoldan4t@sina.com.cn,Female,80000,Sales,10 January 2020,,
Beilul Narramor,bnarramor4u@networkadvertising.org,Female,65000,Finance,01 July 2017,,
Ricki Vero,rvero4v@printfriendly.com,Agender,100000,IT,28 February 2018,,
Kelwin Dorey,kdorey4w@weebly.com,Male,85000,Operations,15 October 2019,,
Annelise Labet,alabet4x@time.com,Female,110000,Sales,08 August 2016,,
Witty Pulteneye,,Male,95000,HR,01 September 2020,,
Corny Dunsford,cdunsford4z@nymag.com,Non-binary,70000,IT,12 May 2019,,
Myrah Gulston,mgulston50@bloomberg.com,Female,,HR,15 January 2018,,
Brantley Mantrip,bmantrip51@senate.gov,Male,120000,Marketing,30 June 2017,,
Mirilla Tilney,mtilney52@whitehouse.gov,Female,78000,Sales,15 March 2020,,
Randell Gowlett,rgowlett53@usgs.gov,Male,88000,Finance,01 December 2016,,
Lorilyn Danilewicz,ldanilewicz54@deliciousdays.com,Female,105000,IT,15 September 2018,,
Thom McGirr,tmcgirr55@chron.com,Male,92000,Operations,01 April 2019,,
Jedidiah Harlow,jharlow56@shinystat.com,Non-binary,72000,Sales,05 January 2021,,
Cyrill Hibling,chibling57@paginegialle.it,Male,98000,HR,15 August 2017,,
Barri Flack,bflack58@topsy.com,Male,67000,IT,01 May 2016,,
Evaleen Lewens,elewens59@indiatimes.com,Female,84000,HR,10 March 2018,,
Philippe Wetherburn,pwetherburn5a@deliciousdays.com,Female,112000,Marketing,01 February 2020,,
Benni Garmon,bgarmon5b@hatena.ne.jp,Genderqueer,80000,Sales,15 January 2017,,
Ellynn Shepland,eshepland5c@aboutads.info,Female,75000,Finance,01 July 2019,,
Neils Bernardes,nbernardes5d@statcounter.com,Male,73000,IT,15 October 2016,,
Benjie Harbinson,bharbinson5e@livejournal.com,Male,115000,Operations,01 May 2018,,
Stanleigh Lubeck,slubeck5f@comcast.net,Male,87000,Sales,01 March 2017,,
Lorette Musslewhite,lmusslewhite5g@nba.com,Female,81000,HR,15 November 2020,,
Cam Innis,cinnis5h@meetup.com,Male,77000,IT,01 March 2019,,
Bette D'Enrico,bdenrico5i@naver.com,Female,107000,HR,15 June 2016,,
Kylynn Merchant,kmerchant5j@hao123.com,Female,86000,Marketing,01 December 2018,,
Tammara Bester,tbester5k@biblegateway.com,Female,79000,Sales,15 March 2021,,
Janaye Mound,jmound5l@utexas.edu,Female,71000,Finance,15 September 2017,,
Dehlia Ranscombe,dranscombe5m@digg.com,Female,111000,IT,01 April 2016,,
Pedro Stooders,pstooders5n@scribd.com,Male,74000,Operations,01 June 2019,,
Guthrey Chidlow,gchidlow5o@istockphoto.com,Male,103000,Sales,01 January 2018,,
Kippy Ilyunin,kilyunin5p@issuu.com,Female,91000,HR,15 June 2017,,
Hestia Freiburger,hfreiburger5q@eventbrite.com,Female,68000,IT,15 April 2020,,
Mack Audiss,maudiss5r@weibo.com,Male,89000,HR,01 November 2016,,
Herman Saffe,hsaffe5s@usa.gov,Male,90000,Marketing,15 August 2018,,
Ally Thibodeaux,athibodeaux5t@ft.com,Bigender,69000,Sales,01 February 2019,,
Pall Gale,pgale5u@statcounter.com,Male,99000,Finance,01 April 2021,,
Carl Benfield,cbenfield5v@sohu.com,Male,83000,IT,15 October 2017,,
Poul O'Scollee,poscollee5w@tinypic.com,Male,79000,Operations,01 July 2016,,
Gerrilee Torald,gtorald5x@networksolutions.com,Female,75000,Sales,15 April 2018,,
Rob Morley,rmorley5y@weibo.com,Male,111000,HR,01 January 2020,,
Lanita Fullom,lfullom5z@google.com.hk,Female,76000,IT,15 February 2017,,
Leelah Knutsen,lknutsen60@time.com,Female,106000,HR,01 August 2019,,
Valentino Steedman,vsteedman61@dailymotion.com,Polygender,72000,Marketing,15 November 2016,,
Christopher Izhaky,cizhaky62@csmonitor.com,Male,88000,Sales,01 June 2018,,
Amye Spoole,aspoole63@sourceforge.net,Female,104000,Finance,15 January 2019,,
Mychal O'Bradain,mobradain64@dion.ne.jp,Male,90000,IT,15 December 2020,,
Madeleine Shardlow,mshardlow65@addthis.com,Female,72000,Operations,01 December 2017,,
Susanne Sapwell,ssapwell66@creativecommons.org,Non-binary,81000,Sales,01 August 2016,,
Payton Pullinger,ppullinger67@hhs.gov,Male,94000,HR,15 February 2018,,
Clemence Dumbleton,cdumbleton68@cdc.gov,Female,85000,IT,01 March 2020,,
Odelle Bowick,obowick69@nba.com,Female,79000,HR,15 May 2017,,
Eba Leeburne,eleeburne6a@clickbank.net,Bigender,75000,Marketing,01 November 2019,,
Dehlia Blanch,dblanch6b@cyberchimps.com,Female,112000,Sales,01 September 2016,,
Stephanus Wadelin,,Male,70000,Finance,15 May 2018,,
Emily Keitley,ekeitley6d@buzzfeed.com,Female,86000,IT,15 June 2019,,
Saw Jacketts,sjacketts6e@over-blog.com,Genderfluid,102000,Operations,15 February 2021,,
Ignaz De Biaggi,idebiaggi6f@slashdot.org,Male,68000,Sales,01 September 2017,,
Ted Pleace,tpleace6g@omniture.com,Male,88000,HR,15 April 2016,,
Eldin Laurenzi,elaurenzi6h@pcworld.com,Male,106000,IT,15 December 2018,,
Alistair Picheford,apicheford6i@bravesites.com,Agender,90000,HR,01 May 2020,,
Brandy Redhead,bredhead6j@godaddy.com,Female,92000,Marketing,15 March 2019,,
Geoffrey Lynas,glynas6k@multiply.com,Male,73000,Sales,01 June 2016,,
Rey D'Abbot-Doyle,rdabbotdoyle6l@state.gov,Genderfluid,97000,Finance,01 November 2018,,
Tomasina Daid,tdaid6m@constantcontact.com,Female,80000,IT,15 April 2021,,
Ethelbert Andrey,eandrey6n@nbcnews.com,Male,89000,Operations,15 November 2017,,
Belvia Fittall,bfittall6o@berkeley.edu,Female,87000,Sales,15 May 2016,,
Doralin Penley,dpenley6p@hibu.com,Female,82000,HR,15 July 2019,,
Lesya Shrieves,lshrieves6q@economist.com,Non-binary,112000,IT,15 January 2018,,
Dewie Toft,dtoft6r@bluehost.com,Male,70000,HR,15 September 2016,,
Guenevere Mirfin,gmirfin6s@dailymail.co.uk,Female,86000,Marketing,30 January 2019,,
Myca Chown,mchown6t@t.co,Male,102000,Sales,07 November 2017,,
Penny Zannetti,,Male,68000,Finance,22 June 2020,,
Staffard Jefferson,,Male,88000,IT,01 February 2021,,
Rosette Stather,,Female,106000,Operations,10 August 2015,,
Adair Ollerearnshaw,aollerearnshaw6x@alexa.com,Male,90000,Sales,15 July 2018,,
Cchaddie Halfhyde,chalfhyde6y@plala.or.jp,Male,92000,HR,01 September 2019,,
Bibby Cranch,bcranch6z@123-reg.co.uk,Female,73000,IT,20 April 2017,,
Levey Doyle,ldoyle70@hibu.com,Male,97000,HR,12 November 2018,,
Lexine Plumstead,lplumstead71@yahoo.com,Female,80000,Marketing,05 March 2016,,
Frazier MacNockater,fmacnockater72@shutterfly.com,Male,89000,Sales,10 January 2020,,
Sigmund Dudek,sdudek73@wordpress.com,Male,87000,Finance,01 July 2017,,
Holmes Bone,hbone74@harvard.edu,Male,73000,IT,28 February 2018,,
Ibrahim Draper,idraper75@adobe.com,Polygender,97000,Operations,15 October 2019,,
Jerrylee Tabart,jtabart76@youtu.be,Female,80000,Sales,08 August 2016,,
Alika Medforth,amedforth77@time.com,Female,89000,HR,01 September 2020,,
Judy Macauley,jmacauley78@usa.gov,Female,87000,IT,12 May 2019,,
Dale Chattoe,dchattoe79@bigcartel.com,Male,82000,HR,15 January 2018,,
Dollie Elsip,delsip7a@jugem.jp,Female,112000,Marketing,30 June 2017,,
Amii Tallis,atallis7b@themeforest.net,Female,70000,Sales,15 March 2020,,
Larina Bradtke,lbradtke7c@netvibes.com,Female,86000,Finance,01 December 2016,,
Amerigo Danilevich,adanilevich7d@sohu.com,Male,102000,IT,15 September 2018,,
Raine Colyer,rcolyer7e@chronoengine.com,Female,68000,Operations,01 April 2019,,
Jo-ann Duffrie,jduffrie7f@friendfeed.com,Female,88000,Sales,05 January 2021,,
Hardy Vinau,hvinau7g@bing.com,Male,106000,HR,15 August 2017,,
Katerine Anmore,kanmore7h@creativecommons.org,Female,90000,IT,01 May 2016,,
Burl Wych,bwych7i@whitehouse.gov,Male,92000,HR,10 March 2018,,
Tootsie Laphorn,tlaphorn7j@sakura.ne.jp,Bigender,73000,Marketing,01 February 2020,,
Christie Abdee,cabdee7k@phoca.cz,Female,97000,Sales,15 January 2017,,
Hubert Gailor,hgailor7l@51.la,Male,80000,Finance,01 July 2019,,
Ellette Tidy,etidy7m@studiopress.com,Female,89000,IT,15 October 2016,,
Joela Siaspinski,jsiaspinski7n@github.com,Female,87000,Operations,01 May 2018,,
Georgianna McElvine,gmcelvine7o@github.io,Female,73000,Sales,01 March 2017,,
Nance Arons,narons7p@flickr.com,Genderqueer,97000,HR,15 November 2020,,
Marsiella Salmen,msalmen7q@engadget.com,Genderqueer,80000,IT,01 March 2019,,
Rainer Hauch,,Male,89000,HR,15 June 2016,,
Sandor Ninnoli,sninnoli7s@ow.ly,Male,87000,Marketing,01 December 2018,,
Ludwig Elsmere,lelsmere7t@ow.ly,Male,82000,Sales,15 March 2021,,
Dolores Rosenau,drosenau7u@ebay.co.uk,Female,112000,Finance,15 September 2017,,
Ritchie Giacomo,rgiacomo7v@cnn.com,Male,70000,IT,01 April 2016,,
Manny Neller,mneller7w@house.gov,Male,86000,Operations,01 June 2019,,
Allard English,aenglish7x@studiopress.com,Genderqueer,102000,Sales,01 January 2018,,
Amelita Faraday,afaraday7y@altervista.org,Female,68000,HR,15 June 2017,,
Helaine Armsby,harmsby7z@miitbeian.gov.cn,Female,88000,IT,15 April 2020,,
Lorrie Fitton,lfitton80@aboutads.info,Male,106000,HR,01 November 2016,,
Andi Devorill,adevorill81@storify.com,Female,90000,Marketing,15 August 2018,,
Kare Orman,korman82@auda.org.au,Female,92000,Sales,01 February 2019,,
Lezlie Guirard,,Female,73000,Finance,01 April 2021,,
Marje Cadle,mcadle84@rakuten.co.jp,Female,97000,IT,15 October 2017,,
Osbourne Osmint,oosmint85@netlog.com,Male,80000,Operations,01 July 2016,,
Lauryn Trustie,ltrustie86@shareasale.com,Female,89000,Sales,15 April 2018,,
Gabie Cheney,gcheney87@theatlantic.com,Female,87000,HR,01 January 2020,,
Bili Vedstra,bvedstra88@booking.com,Female,73000,IT,15 February 2017,,
Quintus Penhallurick,qpenhallurick89@imgur.com,Male,97000,HR,01 August 2019,,
Davie Huddles,dhuddles8a@freewebs.com,Male,80000,Marketing,15 November 2016,,
Harris Stiegar,hstiegar8b@ameblo.jp,Male,89000,Sales,01 June 2018,,
Isabelita Gumbley,igumbley8c@tmall.com,Female,87000,Finance,15 January 2019,,
Ruthi Lambourn,rlambourn8d@utexas.edu,Female,82000,IT,15 December 2020,,
Melloney Ringrose,mringrose8e@cbslocal.com,Genderqueer,112000,Operations,01 December 2017,,
Brenna Tilliard,btilliard8f@pagesperso-orange.fr,Female,70000,Sales,01 August 2016,,
Godfry Lesslie,glesslie8g@unblog.fr,Male,86000,HR,15 February 2018,,
Maressa Paolotto,mpaolotto8h@chron.com,Female,102000,IT,01 March 2020,,
Peter Claybourn,,Male,68000,HR,15 May 2017,,
Allis Batchelder,abatchelder8j@simplemachines.org,Female,88000,Marketing,01 November 2019,,
Fawne Gentle,fgentle8k@bbb.org,Female,106000,Sales,01 September 2016,,
Timmie Agus,tagus8l@so-net.ne.jp,Female,90000,Finance,15 May 2018,,
Gan Iremonger,giremonger8m@cdc.gov,Male,92000,IT,15 June 2019,,
Hube Linbohm,hlinbohm8n@stumbleupon.com,Genderqueer,73000,Operations,15 February 2021,,
Nadeen Swinnard,nswinnard8o@cnn.com,Female,97000,Sales,01 September 2017,,
Morgen Deighton,mdeighton8p@themeforest.net,Male,80000,HR,15 April 2016,,
Wynn Weightman,wweightman8q@chron.com,Male,89000,IT,15 December 2018,,
Theodosia Scholte,tscholte8r@123-reg.co.uk,Female,87000,HR,01 May 2020,,
Carling Creak,ccreak8s@bbb.org,Male,73000,Marketing,15 March 2019,,
Fairleigh Tubby,ftubby8t@feedburner.com,Non-binary,97000,Sales,01 June 2016,,
Brent Marte,bmarte8u@sourceforge.net,Male,80000,Finance,01 November 2018,,
Malory Bickerstaff,mbickerstaff8v@i2i.jp,Female,89000,IT,15 April 2021,,
Silvie Duinbleton,sduinbleton8w@shinystat.com,Female,87000,Operations,15 November 2017,,
Gael Bauld,,Female,82000,Sales,15 May 2016,,
Chip Attkins,cattkins8y@homestead.com,Agender,112000,HR,15 July 2019,,
Sheila Burditt,sburditt8z@google.ca,Female,70000,IT,15 January 2018,,
Vannie Oppie,voppie90@tripod.com,Female,86000,HR,15 September 2016,,
Marlo Roughan,mroughan91@mashable.com,Female,102000,Marketing,30 January 2019,,
Hazel Renvoise,hrenvoise92@fastcompany.com,Male,68000,Sales,07 November 2017,,
Chrysler MacRannell,cmacrannell93@ucla.edu,Female,88000,Finance,22 June 2020,,
Tamqrah Wakes,twakes94@nba.com,Female,106000,IT,01 February 2021,,
Noel Huckstepp,nhuckstepp95@examiner.com,Female,90000,Operations,10 August 2015,,
Loreen Bellee,lbellee96@histats.com,Female,92000,Sales,15 July 2018,,
King Mauditt,kmauditt97@home.pl,Genderfluid,73000,HR,01 September 2019,,
Selene Pimlott,spimlott98@discuz.net,Female,97000,IT,20 April 2017,,
Mikel Polglaze,mpolglaze99@quantcast.com,Male,80000,HR,12 November 2018,,
Joletta Bourne,jbourne9a@squarespace.com,Female,89000,Marketing,05 March 2016,,
Georgi Schach,gschach9b@ucoz.com,Male,87000,Sales,10 January 2020,,
Libby Isaacs,,Female,60000,Finance,01 July 2017,,
Madelena Mullord,mmullord9d@blogger.com,Female,40000,IT,28 February 2018,,
Katharyn Matiasek,kmatiasek9e@blogger.com,Female,20000,Operations,15 October 2019,,
Gale Busher,gbusher9f@blogspot.com,Female,35000,Sales,08 August 2016,,
Benji Withams,bwithams9g@usatoday.com,Male,80000,HR,01 September 2020,,
Zebadiah Bresland,zbresland9h@virginia.edu,Male,88000,IT,12 May 2019,,
Mikol Pieche,mpieche9i@t-online.de,Male,106000,HR,15 January 2018,,
Mae Seagrave,mseagrave9j@sciencedirect.com,Female,90000,Marketing,30 June 2017,,
Rozalin Cushworth,rcushworth9k@japanpost.jp,Agender,92000,Sales,15 March 2020,,
Carl Dawes,cdawes9l@addthis.com,Male,73000,Finance,01 December 2016,,
Melloney Gossling,mgossling9m@eventbrite.com,Polygender,97000,IT,15 September 2018,,
Kenny Denham,kdenham9n@zdnet.com,Male,80000,Operations,01 April 2019,,
Theressa Spurr,tspurr9o@unesco.org,Female,89000,Sales,05 January 2021,,
Kitti Linstead,klinstead9p@nature.com,Female,87000,HR,15 August 2017,,
Dagmar Ruby,druby9q@deliciousdays.com,Female,60000,IT,01 May 2016,,
Jay Vercruysse,,Male,40000,HR,10 March 2018,,
Ethelind Scarbarrow,escarbarrow9s@digg.com,Agender,20000,Marketing,01 February 2020,,
Esteban Shelmerdine,eshelmerdine9t@indiegogo.com,Male,35000,Sales,15 January 2017,,
Isadore Bratty,ibratty9u@marriott.com,Male,80000,Finance,01 July 2019,,
Patric Selwood,pselwood9v@globo.com,Male,88000,IT,15 October 2016,,
Diego Lailey,dlailey9w@elpais.com,Male,106000,Operations,01 May 2018,,
Tannie Lowfill,tlowfill9x@dailymail.co.uk,Male,90000,Sales,01 March 2017,,
Grazia Ginnaly,gginnaly9y@cargocollective.com,Female,92000,HR,15 November 2020,,
Anallese Lile,alile9z@cargocollective.com,Female,73000,IT,01 March 2019,,
Gaylor Adamolli,gadamollia0@blogtalkradio.com,Male,97000,HR,15 June 2016,,
Kellen Ofen,kofena1@ycombinator.com,Male,80000,Marketing,01 December 2018,,
Justus Tireman,jtiremana2@xinhuanet.com,Genderfluid,89000,Sales,15 March 2021,,
Loy Kassman,,Male,87000,Finance,15 September 2017,,
Regan Gilcrist,rgilcrista4@booking.com,Female,60000,IT,01 April 2016,,
Danielle Preddy,dpreddya5@csmonitor.com,Female,40000,Operations,01 June 2019,,
Clareta Care,ccarea6@salon.com,Female,20000,Sales,01 January 2018,,
Perice de Vaen,pdevaena7@list-manage.com,Male,35000,HR,15 June 2017,,
Doti Kubec,dkubeca8@google.nl,Female,80000,IT,15 April 2020,,
Cleavland Malloch,cmallocha9@unicef.org,Male,88000,HR,01 November 2016,,
Carine Elphinston,celphinstonaa@blog.com,Female,106000,Marketing,15 August 2018,,
Erastus Asch,easchab@illinois.edu,Male,90000,Sales,01 February 2019,,
Johannes Campbell,jcampbellac@digg.com,Male,92000,Finance,01 April 2021,,
Austen Gillopp,agilloppad@cam.ac.uk,Male,73000,IT,15 October 2017,,
Piotr Cowope,pcowopeae@samsung.com,Male,97000,Operations,01 July 2016,,
Junia Redier,jredieraf@fotki.com,Female,80000,Sales,15 April 2018,,
Caro Sporner,cspornerag@omniture.com,Female,89000,HR,01 January 2020,,
Chlo Maker,cmakerah@businessinsider.com,Female,87000,IT,15 February 2017,,
Sosanna Koles,skolesai@samsung.com,Female,60000,HR,01 August 2019,,
Rosene Sanger,rsangeraj@unc.edu,Female,40000,Marketing,15 November 2016,,
Oates Piers,opiersak@example.com,Male,20000,Sales,01 June 2018,,
Odele Gerrad,,Female,35000,Finance,15 January 2019,,
Stacey Le Noir,slenoiram@wired.com,Female,80000,IT,15 December 2020,,
Raquela Beddow,rbeddowan@e-recht24.de,Female,88000,Operations,01 December 2017,,
Pierson Test,ptestao@addtoany.com,Male,106000,Sales,01 August 2016,,
Sybille Earwicker,searwickerap@vinaora.com,Female,90000,HR,15 February 2018,,
Eda Milbourn,emilbournaq@unicef.org,Agender,92000,IT,01 March 2020,,
Franchot Goley,fgoleyar@dailymail.co.uk,Male,73000,HR,15 May 2017,,
Cathee Mixhel,cmixhelas@foxnews.com,Female,97000,Marketing,01 November 2019,,
Andres Panketh,apankethat@123-reg.co.uk,Male,80000,Sales,01 September 2016,,
Antons Hearle,ahearleau@marriott.com,Male,89000,Finance,15 May 2018,,
Egbert Pyper,epyperav@archive.org,Male,87000,IT,15 June 2019,,
Ewell Burbury,eburburyaw@slate.com,Male,60000,Operations,15 February 2021,,
Ursa Yendle,uyendleax@yahoo.com,Female,40000,Sales,01 September 2017,,
Mikkel Olliver,molliveray@tinyurl.com,Non-binary,20000,HR,15 April 2016,,
Munroe Lorenzo,mlorenzoaz@fc2.com,Male,35000,IT,15 December 2018,,
Liam Schole,,Male,80000,HR,01 May 2020,,
Shelley Peacop,speacopb1@telegraph.co.uk,Male,73000,Marketing,15 March 2019,,
Hernando Standish-Brooks,hstandishbrooksb2@wordpress.org,Male,97000,Sales,01 June 2016,,
Alejandrina Dunkerton,adunkertonb3@cafepress.com,Genderqueer,80000,Finance,01 November 2018,,
Chelsea Dallywater,cdallywaterb4@ustream.tv,Female,89000,IT,15 April 2021,,
Nikki Batsford,nbatsfordb5@state.gov,Female,87000,Operations,15 November 2017,,
Bartel Schach,bschachb6@163.com,Male,73000,Sales,15 May 2016,,
Brittani Bettles,bbettlesb7@yolasite.com,Female,97000,HR,15 July 2019,,
Lindsy Prescote,lprescoteb8@cbslocal.com,Female,80000,IT,15 January 2018,,
James Craythorn,jcraythornb9@clickbank.net,Male,89000,HR,15 September 2016,,
Gabriella Lawless,glawlessba@cnet.com,Female,87000,Marketing,30 January 2019,,
Trey Mathwen,tmathwenbb@sciencedaily.com,Male,82000,Sales,07 November 2017,,
Danila Humble,dhumblebc@cafepress.com,Agender,112000,Finance,22 June 2020,,
Broddie Gudgion,bgudgionbd@boston.com,Male,70000,IT,01 February 2021,,
Rex Greenleaf,rgreenleafbe@scientificamerican.com,Male,86000,Operations,10 August 2015,,
Loralie Yerill,lyerillbf@chron.com,Female,102000,Sales,15 July 2018,,
Cassi Rantoull,crantoullbg@friendfeed.com,Female,68000,HR,01 September 2019,,
Saunder Quiddihy,squiddihybh@statcounter.com,Genderqueer,88000,IT,20 April 2017,,
Ulrich Cuxson,,Genderqueer,106000,HR,12 November 2018,,
Amargo Paulin,apaulinbj@multiply.com,Female,90000,Marketing,05 March 2016,,
Merola Rostron,mrostronbk@fotki.com,Female,92000,Sales,10 January 2020,,
Lucio McGinty,lmcgintybl@networkadvertising.org,Male,73000,Finance,01 July 2017,,
Titus Ager,tagerbm@pbs.org,Male,97000,IT,28 February 2018,,
Ruggiero Tebald,rtebaldbn@w3.org,Male,80000,Operations,15 October 2019,,
Trudi Dorrance,tdorrancebo@imageshack.us,Genderfluid,89000,Sales,08 August 2016,,
Darrell Calwell,dcalwellbp@dailymotion.com,Male,87000,HR,01 September 2020,,
Archaimbaud Ridgway,aridgwaybq@sfgate.com,Male,73000,IT,12 May 2019,,
Rubetta Randalson,rrandalsonbr@fotki.com,Female,97000,HR,15 January 2018,,
Frannie Lavers,flaversbs@answers.com,Female,80000,Marketing,30 June 2017,,
Jillene Penhall,jpenhallbt@virginia.edu,Female,89000,Sales,15 March 2020,,
Sharl Butner,,Female,87000,Finance,01 December 2016,,
Domenico Cadany,dcadanybv@w3.org,Bigender,82000,IT,15 September 2018,,
Aubry Hofler,ahoflerbw@blogspot.com,Female,112000,Operations,01 April 2019,,
Lanae Lemary,llemarybx@uiuc.edu,Female,70000,Sales,05 January 2021,,
Sosanna Hubert,shubertby@drupal.org,Female,86000,HR,15 August 2017,,
Ibby Sinclaire,isinclairebz@economist.com,Female,102000,IT,01 May 2016,,
Mamie MacAnespie,mmacanespiec0@bing.com,Non-binary,68000,HR,10 March 2018,,
Krishna Carlisle,kcarlislec1@phpbb.com,Male,88000,Marketing,01 February 2020,,
Peyton Gantley,pgantleyc2@joomla.org,Male,106000,Sales,15 January 2017,,
Dani Sauniere,dsaunierec3@independent.co.uk,Female,73000,Finance,01 July 2019,,
Pearla Seide,pseidec4@yandex.ru,Agender,97000,IT,15 October 2016,,
Oswald Faraker,ofarakerc5@constantcontact.com,Male,80000,Operations,01 May 2018,,
Deck Kardos,,Male,89000,Sales,01 March 2017,,
Coralyn Petken,cpetkenc7@wisc.edu,Female,87000,HR,15 November 2020,,
Abigale Krochmann,akrochmannc8@psu.edu,Female,73000,IT,01 March 2019,,
Tandie Mulchrone,tmulchronec9@sogou.com,Female,97000,HR,15 June 2016,,
Alvan Albery,aalberyca@nsw.gov.au,Male,80000,Marketing,01 December 2018,,
Joycelin Rippon,jripponcb@yellowpages.com,Female,89000,Sales,15 March 2021,,
Chantal Woodhams,cwoodhamscc@springer.com,Female,87000,Finance,15 September 2017,,
Alvis Mettrick,amettrickcd@foxnews.com,Male,82000,IT,01 April 2016,,
Vasily Pavis,vpavisce@pen.io,Male,112000,Operations,01 June 2019,,
Gregor Pitfield,gpitfieldcf@istockphoto.com,Male,70000,Sales,01 January 2018,,
Ilyse Heddan,iheddancg@t-online.de,Female,86000,HR,15 June 2017,,
Emory Laflin,elaflinch@flavors.me,Male,102000,IT,15 April 2020,,
Wolfie Mendes,wmendesci@newsvine.com,Male,68000,HR,01 November 2016,,
Glenn Clamp,gclampcj@ucsd.edu,Male,88000,Marketing,15 August 2018,,
Jemmy Richmont,jrichmontck@biglobe.ne.jp,Female,106000,Sales,01 February 2019,,
Vasily Whitehouse,,Male,90000,Finance,01 April 2021,,
Tori Olennikov,tolennikovcm@hexun.com,Female,92000,IT,15 October 2017,,
Bunny Laudham,,Female,73000,Operations,01 July 2016,,
Isa Skrine,iskrineco@addtoany.com,Male,97000,Sales,15 April 2018,,
Sukey Mutton,smuttoncp@google.fr,Female,80000,HR,01 January 2020,,
Ivor Scoggan,iscoggancq@examiner.com,Male,89000,IT,15 February 2017,,
Zedekiah Conti,zconticr@washington.edu,Male,87000,HR,01 August 2019,,
Lowe Claris,lclariscs@digg.com,Male,73000,Marketing,15 November 2016,,
Florance Ackeroyd,fackeroydct@creativecommons.org,Female,97000,Sales,01 June 2018,,
Ilario Durante,idurantecu@prweb.com,Male,80000,Finance,15 January 2019,,
Clifford Durrad,cdurradcv@goo.gl,Male,89000,IT,15 December 2020,,
Alick Sharrocks,asharrockscw@github.io,Male,87000,Operations,01 December 2017,,
Ashia Kolakowski,akolakowskicx@rediff.com,Female,82000,Sales,01 August 2016,,
Alaster Widdocks,awiddockscy@cdbaby.com,Male,112000,HR,15 February 2018,,
Tybalt Rix,trixcz@stumbleupon.com,Male,70000,IT,01 March 2020,,
Tyson Le Bosse,tlebossed0@hc360.com,Male,86000,HR,15 May 2017,,
Goraud Barok,gbarokd1@guardian.co.uk,Male,102000,Marketing,01 November 2019,,
Goldie Crawley,gcrawleyd2@friendfeed.com,Agender,68000,Sales,01 September 2016,,
Vergil Ivons,vivonsd3@latimes.com,Male,88000,Finance,15 May 2018,,
Maribeth Tomczykowski,mtomczykowskid4@dot.gov,Female,106000,IT,15 June 2019,,
Amii Skip,askipd5@prweb.com,Female,73000,Operations,15 February 2021,,
Prudence Molnar,pmolnard6@businessweek.com,Female,97000,Sales,01 September 2017,,
Gilburt Pietruszewicz,gpietruszewiczd7@yahoo.co.jp,Male,80000,HR,15 April 2016,,
Gustavus Burvill,gburvilld8@cyberchimps.com,Male,89000,IT,15 December 2018,,
Bettina Parramore,bparramored9@aboutads.info,Female,87000,HR,01 May 2020,,
Shellie McIlhagga,smcilhaggada@mlb.com,Female,73000,Marketing,15 March 2019,,
Kristoforo Jacson,kjacsondb@vistaprint.com,Male,97000,Sales,01 June 2016,,
Harriette Casement,hcasementdc@moonfruit.com,Genderqueer,80000,Finance,01 November 2018,,
Karel Garritley,kgarritleydd@tumblr.com,Female,89000,IT,15 April 2021,,
Del Nowill,dnowillde@cbc.ca,Female,87000,Operations,15 November 2017,,
Cinda Corran,ccorrandf@auda.org.au,Female,82000,Sales,15 May 2016,,
Bran Sandells,bsandellsdg@desdev.cn,Male,112000,HR,15 July 2019,,
Brietta Avraham,bavrahamdh@google.cn,Female,70000,IT,15 January 2018,,
Sheela Leeming,sleemingdi@admin.ch,Female,86000,HR,15 September 2016,,
Aurea Morch,amorchdj@ucla.edu,Female,102000,Marketing,30 January 2019,,
Burtie Rother,brotherdk@yahoo.co.jp,Male,68000,Sales,07 November 2017,,
Raviv Raft,rraftdl@cam.ac.uk,Male,88000,Finance,22 June 2020,,
Rollie Flintiff,rflintiffdm@eepurl.com,Male,106000,IT,01 February 2021,,
Gweneth Steere,gsteeredn@disqus.com,Female,90000,Operations,10 August 2015,,
Rosaleen Matschke,rmatschkedo@umn.edu,Female,92000,Sales,15 July 2018,,
Trixie Aitchinson,taitchinsondp@so-net.ne.jp,Female,73000,HR,01 September 2019,,
Duky Speed,dspeeddq@gizmodo.com,Male,97000,IT,20 April 2017,,
Wheeler Chisman,wchismandr@forbes.com,Male,80000,HR,12 November 2018,,
Julietta Shrive,,Female,89000,Marketing,05 March 2016,,
Iolande Lilbourne,ililbournedt@bandcamp.com,Female,87000,Sales,10 January 2020,,
Roarke Moulden,rmouldendu@dmoz.org,Male,73000,Finance,01 July 2017,,
Lonnard Burkitt,lburkittdv@xrea.com,Male,97000,IT,28 February 2018,,
,,,,,,,
,,,,,,,
,,,,,,,
,,,,,,,
,,,,,,,
,,,,,,,
,,,,,,,
,,,,,,,
,,,,,,,
,,,,,,,
,,,,,,,
,,,,,,,
,,,,,,,
,,,,,,,
,,,,,,,
,,,,,,,
,,,,,,,
,,,,,,,
,,,,,,,
,,,,,,,
,,,,,,,
,,,,,,,
,,,,,,,
,,,,,,,
,,,,,,,
,,,,,,,
,,,,,,,
,,,,,,,
,,,,,,,
,,,,,,,
,,,,,,,
,,,,,,,
,,,,,,,
,,,,,,,
,,,,,,,
,,,,,,,
,,,,,,,
,,,,,,,
,,,,,,,
,,,,,,,
,,,,,,,
,,,,,,,
,,,,,,,
,,,,,,,
,,,,,,,
,,,,,,,
,,,,,,,
,,,,,,,
,,,,,,,
,,,,,,,
,,,,,,,
,,,,,,,
,,,,,,,
,,,,,,,
,,,,,,,
,,,,,,,
,,,,,,,
,,,,,,,
,,,,,,,
,,,,,,,
,,,,,,,
,,,,,,,
,,,,,,,
,,,,,,,
,,,,,,,
,,,,,,,
,,,,,,,
,,,,,,,
,,,,,,,
,,,,,,,
,,,,,,,
,,,,,,,
,,,,,,,
,,,,,,,
,,,,,,,
,,,,,,,
,,,,,,,
,,,,,,,
,,,,,,,
,,,,,,,
,,,,,,,
,,,,,,,
,,,,,,,
,,,,,,,
,,,,,,,
,,,,,,,
,,,,,,,
,,,,,,,
,,,,,,,
,,,,,,,
,,,,,,,
,,,,,,,
,,,,,,,
,,,,,,,
,,,,,,,
,,,,,,,
,,,,,,,
,,,,,,,
,,,,,,,
,,,,,,,
,,,,,,,
,,,,,,,
,,,,,,,
,,,,,,,
,,,,,,,
,,,,,,,
,,,,,,,
,,,,,,,
,,,,,,,
,,,,,,,
,,,,,,,
,,,,,,,
,,,,,,,
,,,,,,,
,,,,,,,
,,,,,,,
,,,,,,,
,,,,,,,
,,,,,,,
,,,,,,,
,,,,,,,
,,,,,,,
,,,,,,,
,,,,,,,
,,,,,,,
,,,,,,,
,,,,,,,
,,,,,,,
,,,,,,,
,,,,,,,
,,,,,,,
,,,,,,,
,,,,,,,
,,,,,,,
,,,,,,,
,,,,,,,
,,,,,,,
,,,,,,,
,,,,,,,
,,,,,,,
,,,,,,,
,,,,,,,
,,,,,,,
,,,,,,,
,,,,,,,
,,,,,,,
,,,,,,,
,,,,,,,
